source	sourceTitle	target	targetTitle
Andrew Saxe	uk	Surya Ganguli	orig
Andrew Saxe	uk	Jonathan D. Cohen	orig
Andrew Saxe	uk	James L. McClelland	edu
Surya Ganguli	orig	Yoshua Bengio	-
Surya Ganguli	orig	Yann N. Dauphin	-
Jonathan D. Cohen	orig	Rafal Bogacz	uk
Jonathan D. Cohen	orig	Nathaniel D. Daw	orig
Jonathan D. Cohen	orig	Tim Buschman	orig
Jonathan D. Cohen	orig	Yael Niv	edu
Jonathan D. Cohen	orig	Richard J Davidson	edu
Jonathan D. Cohen	orig	Marcelo G Mattar	orig
Paul Thompson	-	Theodore D. Satterthwaite	orig
David J Heeger	edu	Michael S Landy	edu
David J Heeger	edu	Uri Hasson	edu
David J Heeger	edu	Tobias H. Donner	-
Christopher J. Honey	orig	Olaf Sporns	orig
Christopher J. Honey	orig	Janice Chen	-
Christopher J. Honey	orig	leila cammoun	-
Christopher J. Honey	orig	Patric Hagmann	-
Christopher J. Honey	orig	Kenneth A. Norman	edu
Christopher J. Honey	orig	Jean-Philippe Thiran	-
Christopher J. Honey	orig	Corey J. Keller, MD / PhD	-
Christopher J. Honey	orig	kai joshua miller	-
Christopher J. Honey	orig	Jeffrey Ojemann	-
Christopher J. Honey	orig	yaara yeshurun	-
Christopher J. Honey	orig	Dora Hermes	-
Christopher J. Honey	orig	Michael Breakspear	-
Christopher J. Honey	orig	David M. Groppe	-
Christopher J. Honey	orig	Michael Arcaro	-
Christopher J. Honey	orig	Hsiang-Yun Sherry Chien	-
Christopher J. Honey	orig	Yuan Chang Leong	-
Christopher J. Honey	orig	Thomas Thesen	edu
Christopher J. Honey	orig	David J Heeger	edu
Christopher J. Honey	orig	Rajesh PN Rao	-
Christopher J. Honey	orig	Pierre Mégevand	-
Christopher J. Honey	orig	JP Thivierge	-
Christopher J. Honey	orig	Istvan Ulbert	-
Christopher J. Honey	orig	Ralf Schmälzle [Schmaelzle]	-
Christopher J. Honey	orig	Tobias H. Donner	-
Christopher J. Honey	orig	Stephan Gerhard	-
Christopher J. Honey	orig	Kevin Himberger	-
Christopher J. Honey	orig	Michael Milham	-
Christopher J. Honey	orig	Robert Thomas Knight	edu
Christopher J. Honey	orig	Greg J Stephens	-
Christopher J. Honey	orig	Peter J. Ramadge	-
Christopher J. Honey	orig	Po-Hsuan Cameron Chen	-
Christopher J. Honey	orig	Kiran Vodrahalli	-
Christopher J. Honey	orig	Xiuyuan (Hugh) Wang	-
Christopher J. Honey	orig	Manuel R. Mercier	-
Christopher J. Honey	orig	Sara Mostafavi	-
Christopher J. Honey	orig	Jose L Herrero	-
Christopher J. Honey	orig	Yuhao (Danny) Huang	-
Christopher J. Honey	orig	Terrence Sejnowski	edu
Christopher J. Honey	orig	Scott Makeig	-
Christopher J. Honey	orig	Eric Leuthardt	-
Christopher J. Honey	orig	Lucas C. Parra	-
Christopher J. Honey	orig	Jordan Poppenk	-
Christopher J. Honey	orig	Karim Jerbi, PhD	-
Christopher J. Honey	orig	Mikhail Katkov	-
Christopher J. Honey	orig	Harald Schupp	-
Christopher J. Honey	orig	Ryan EB Mruczek	-
Christopher J. Honey	orig	Ehren Newman	-
Christopher J. Honey	orig	Taufik A Valiante	-
Christopher J. Honey	orig	James T Townsend	-
Christopher J. Honey	orig	John M. Beggs	-
Christopher J. Honey	orig	aonan tang	-
Christopher J. Honey	orig	Valentin Riedl	-
Christopher J. Honey	orig	Greg Huffman	-
Christopher J. Honey	orig	Felipe Gerhard	-
Christopher J. Honey	orig	Erez Simony	-
Christopher J. Honey	orig	Daniel Ames	-
Christopher J. Honey	orig	Michael A. Chow	-
Christopher J. Honey	orig	Uri Hasson	edu
Olaf Sporns	orig	Richard Betzel	orig
Janice Chen	-	Uri Hasson	edu
Kenneth A. Norman	edu	Samuel Gershman	edu
Kenneth A. Norman	edu	Tim Buschman	orig
Kenneth A. Norman	edu	Yael Niv	edu
Kenneth A. Norman	edu	Uri Hasson	edu
Corey J. Keller, MD / PhD	-	Wilson Truccolo	orig
Michael Arcaro	-	Uri Hasson	edu
Michael Arcaro	-	Sabine Kastner	edu
Thomas Thesen	edu	Xiuyuan (Hugh) Wang	-
Adam O. Hebb	-	Christopher J. Honey	orig
Istvan Ulbert	-	Wilson Truccolo	orig
Istvan Ulbert	-	Thomas Thesen	edu
Ami Wiesel	-	Christopher J. Honey	orig
Cameron Craddock	-	Christopher J. Honey	orig
Cameron Craddock	-	Theodore D. Satterthwaite	orig
Cameron Craddock	-	Dani S. Bassett	orig
Michael Milham	-	Theodore D. Satterthwaite	orig
Michael Milham	-	Richard Betzel	orig
(Anne-Marie) Clare Kelly	-	Christopher J. Honey	orig
(Anne-Marie) Clare Kelly	-	Lucina Q. Uddin	edu
(Anne-Marie) Clare Kelly	-	Theodore D. Satterthwaite	orig
Robert Thomas Knight	edu	Sabine Kastner	edu
Robert Thomas Knight	edu	Xiaosi Gu	orig
Robert Thomas Knight	edu	Ryan T. Canolty	-
Robert Thomas Knight	edu	Tor Endestad	-
Brett L. Foster	-	Christopher J. Honey	orig
Greg J Stephens	-	Uri Hasson	edu
Christopher Baldassano	-	Christopher J. Honey	orig
Christopher Baldassano	-	Uri Hasson	edu
Peter J. Ramadge	-	Uri Hasson	edu
Po-Hsuan Cameron Chen	-	Uri Hasson	edu
Andrew R. Dykstra	-	Christopher J. Honey	orig
Chris Gaiteri	-	Christopher J. Honey	orig
Alexander Todorov	edu	Christopher J. Honey	orig
Alexander Maier	-	Christopher J. Honey	orig
Biyu J He	orig	Christopher J. Honey	orig
Biyu J He	orig	Marcus E. Raichle	-
Biyu J He	orig	Maurizio Corbetta	-
Biyu J He	orig	Justin L Vincent	-
Biyu J He	orig	Brian Maniscalco	edu
Biyu J He	orig	patrice abry	-
Biyu J He	orig	Patric Hagmann	-
Biyu J He	orig	GUSTAVO DECO	-
Biyu J He	orig	Philippe Ciuciu	-
Biyu J He	orig	Brett L. Foster	-
Biyu J He	orig	Tjeerd W Boonstra	-
Aya Ben-Yakov	-	Christopher J. Honey	orig
Anna Schapiro	edu	Christopher J. Honey	orig
Anna Schapiro	edu	Kenneth A. Norman	edu
Anna Schapiro	edu	Samuel Gershman	edu
Anna Schapiro	edu	Ehren Newman	-
Anna Schapiro	edu	Yael Niv	edu
Jason Samaha	edu	Richard J Davidson	edu
Lucina Q. Uddin	edu	Vinod Menon	orig
Lucina Q. Uddin	edu	Michael Milham	-
Lucina Q. Uddin	edu	Zarrar Shehzad	-
Lucina Q. Uddin	edu	Manish Saggar	orig
F. Xavier Castellanos	-	Lucina Q. Uddin	edu
F. Xavier Castellanos	-	Theodore D. Satterthwaite	orig
Daniel S. Margulies	-	Lucina Q. Uddin	edu
Daniel S. Margulies	-	Theodore D. Satterthwaite	orig
Adriana Di Martino, MD	-	Lucina Q. Uddin	edu
Adriana Di Martino, MD	-	Theodore D. Satterthwaite	orig
Anouk Scheres	-	Lucina Q. Uddin	edu
Anouk Scheres	-	Brian Knutson	orig
Tommaso Scalici	-	Vincenzo Fiore	orig
Guido Di Bella	-	Vincenzo Fiore	orig
Luigi Calabrese	-	Vincenzo Fiore	orig
Edoardo Proverbio	-	Vincenzo Fiore	orig
Luigi Botta	-	Vincenzo Fiore	orig
Roberto Scaffaro	-	Vincenzo Fiore	orig
Fabrizio Sarasini	-	Vincenzo Fiore	orig
Paolo Bruzzaniti	-	Vincenzo Fiore	orig
Antonina Pirrotta	-	Vincenzo Fiore	orig
Mauro Prestipino	-	Vincenzo Fiore	orig
Francesco Paolo Pinnola	-	Vincenzo Fiore	orig
Alessia Monaco	-	Vincenzo Fiore	orig
Maria Chiara Mistretta	-	Vincenzo Fiore	orig
Giuseppe Pitarresi	-	Vincenzo Fiore	orig
Dr.TPSathishkumar	-	Vincenzo Fiore	orig
Dr.Vaggeeram Hariharan	-	Vincenzo Fiore	orig
Dr.G.RAJESHKUMAR	-	Vincenzo Fiore	orig
Marco Morreale	-	Vincenzo Fiore	orig
Pellegrino Conte	-	Vincenzo Fiore	orig
Francesco Paolo La Mantia	-	Vincenzo Fiore	orig
Pietro Tabbuso	-	Vincenzo Fiore	orig
Andrea Feo	-	Vincenzo Fiore	orig
Eric Halgren	com	Wilson Truccolo	orig
Eric Halgren	com	Thomas Thesen	edu
Michael S Landy	edu	Nathaniel D. Daw	orig
Nathaniel D. Daw	orig	Yael Niv	edu
Nathaniel D. Daw	orig	Raymond J Dolan	uk
Nathaniel D. Daw	orig	Samuel Gershman	edu
Nathaniel D. Daw	orig	Ross Otto	ca
Nathaniel D. Daw	orig	Prof. T.W. Robbins	uk
Nathaniel D. Daw	orig	Sham M Kakade	-
Nathaniel D. Daw	orig	Valerie Voon	-
Nathaniel D. Daw	orig	Roshan Cools	nl
Nathaniel D. Daw	orig	Steve Fleming	uk
Russ Poldrack	edu	Tim Behrens	uk
Michael J Frank	orig	Russ Poldrack	edu
Michael J Frank	orig	Roshan Cools	nl
Michael J Frank	orig	Randall O'Reilly	-
Michael J Frank	orig	james m. gold	-
Michael J Frank	orig	Thomas Wiecki	-
Michael J Frank	orig	Quentin Huys	-
Michael J Frank	orig	Tiago V. Maia	-
Michael J Frank	orig	Mike X Cohen	-
Michael J Frank	orig	Nathaniel D. Daw	orig
Steven Siegel	-	Theodore D. Satterthwaite	orig
James L. McClelland	edu	Surya Ganguli	orig
James L. McClelland	edu	Randall O'Reilly	-
James L. McClelland	edu	axel cleeremans	-
James L. McClelland	edu	Tiago V. Maia	-
Caglar Gulcehre	-	Surya Ganguli	orig
Caglar Gulcehre	-	Kyunghyun Cho	edu
Avram Holmes	edu	Randy L. Buckner	-
Avram Holmes	edu	Justin T. Baker	-
Avram Holmes	edu	Cameron S. Carter	-
Avram Holmes	edu	Jonathan D. Cohen	orig
Avram Holmes	edu	Xi-Nian Zuo (左西年)	-
Anne K. Churchland	edu	Matthew T Kaufman	edu
Anne K. Churchland	edu	Rishidev Chaudhuri	-
Anne K. Churchland	edu	Xiao-Jing Wang	orig
Edward T Bullmore	uk	John Suckling	-
Edward T Bullmore	uk	Prof. T.W. Robbins	uk
Edward T Bullmore	uk	Paul Fletcher	uk
Edward T Bullmore	uk	Petra E Vértes	-
Edward T Bullmore	uk	Pradeep J. Nathan	-
Edward T Bullmore	uk	Katya Rubia	-
Edward T Bullmore	uk	Richard Betzel	orig
Edward T Bullmore	uk	Philip Corlett	orig
Randy L. Buckner	-	Theodore D. Satterthwaite	orig
Justin T. Baker	-	Theodore D. Satterthwaite	orig
Cameron S. Carter	-	Michael J Frank	orig
Bradley Voytek	orig	Robert Thomas Knight	edu
Bradley Voytek	orig	Richard Gao	-
Bradley Voytek	orig	Scott Robert Cole	-
Bradley Voytek	orig	Nathan E. Crone, M.D.	-
Bradley Voytek	orig	Thomas Donoghue	-
Bradley Voytek	orig	Marianne Løvstad	-
Bradley Voytek	orig	Tor Endestad	-
Bradley Voytek	orig	Mark D'Esposito	-
Bradley Voytek	orig	Priscilla Davidson Negraes	-
Bradley Voytek	orig	Paroma Varma	-
Bradley Voytek	orig	Michael Bauer	-
Bradley Voytek	orig	Ryan T. Canolty	-
Bradley Voytek	orig	Josef Parvizi	edu
Bradley Voytek	orig	Camarin E. Rolle	-
Bradley Voytek	orig	Edward F Chang	-
Bradley Voytek	orig	Cleber A. Trujillo	-
Bradley Voytek	orig	Jason Samaha	edu
Nathan E. Crone, M.D.	-	Robert Thomas Knight	edu
Adam Gazzaley	edu	Bradley Voytek	orig
Adam Gazzaley	edu	Jason Samaha	edu
Adam Gazzaley	edu	Mark D'Esposito	-
Anne-Kristin Solbakk	-	Bradley Voytek	orig
Mark D'Esposito	-	Michael W. Cole	edu
Mark D'Esposito	-	Roshan Cools	nl
Mark D'Esposito	-	Robert Thomas Knight	edu
Alysson Muotri	-	Bradley Voytek	orig
Arthur Brody	-	Bradley Voytek	orig
Josef Parvizi	edu	Sabine Kastner	edu
Edward F Chang	-	Robert Thomas Knight	edu
Alfonso Renart	-	Xiao-Jing Wang	orig
Xiao-Jing Wang	orig	ranulfo romo	-
John D. Murray	orig	Xiao-Jing Wang	orig
John D. Murray	orig	Michael W. Cole	edu
John D. Murray	orig	John Krystal	edu
John D. Murray	orig	Philip Corlett	orig
John D. Murray	orig	Joshua B Burt	-
John D. Murray	orig	Murat Demirtaş	-
John D. Murray	orig	Matthew F. Glasser	-
John D. Murray	orig	Katrin Preller	-
John D. Murray	orig	Markus Helmer	-
John D. Murray	orig	Vinod Srihari	-
John D. Murray	orig	Maxwell Shinn	-
John D. Murray	orig	Stamatios N Sotiropoulos	-
John D. Murray	orig	Joni Wallis	-
John D. Murray	orig	Tatiana Pasternak	-
John D. Murray	orig	William J. Martin, PhD	-
John D. Murray	orig	Mark J. Niciu	-
John D. Murray	orig	Jorge F. Mejias	-
John D. Murray	orig	Valerio Zerbi	-
John D. Murray	orig	Laurence Hunt	-
John D. Murray	orig	Sean Cavanagh	-
John D. Murray	orig	Shaun Warrington	-
John D. Murray	orig	Steve Kennerley	-
John D. Murray	orig	Michael Halassa	-
John D. Murray	orig	Salva Ardid	-
John D. Murray	orig	Nicholas A. Roy	-
John Krystal	edu	Xiao-Jing Wang	orig
John Krystal	edu	Philip Corlett	orig
Alan Anticevic	orig	Xiao-Jing Wang	orig
Alan Anticevic	orig	Michael W. Cole	edu
Alan Anticevic	orig	John D. Murray	orig
Alan Anticevic	orig	Grega Repovš	si
Alan Anticevic	orig	John Krystal	edu
Alan Anticevic	orig	Genevieve Yang	-
Alan Anticevic	orig	Deanna Barch	-
Alan Anticevic	orig	Philip Corlett	orig
Alan Anticevic	orig	Matthew F. Glasser	-
Alan Anticevic	orig	Christopher Pittenger	-
Alan Anticevic	orig	James C. McPartland	-
Alan Anticevic	orig	David C Van Essen	-
Alan Anticevic	orig	Anderson M. Winkler	-
Alan Anticevic	orig	Ralitza Gueorguieva	-
Alan Anticevic	orig	dennis charney	-
Alan Anticevic	orig	Carrie Bearden	edu
Alan Anticevic	orig	Jared Van Snellenberg	-
Alan Anticevic	orig	Tyrone Cannon	-
Alan Anticevic	orig	Stamatios N Sotiropoulos	-
Alan Anticevic	orig	Marina Picciotto	-
Albert Compte	-	Xiao-Jing Wang	orig
Gyorgy Buzsaki	org	Xiao-Jing Wang	orig
Gyorgy Buzsaki	org	Thomas Thesen	edu
Daeyeol Lee	-	Xiao-Jing Wang	orig
Daeyeol Lee	-	John D. Murray	orig
Stefano Fusi	-	Xiao-Jing Wang	orig
Grega Repovš	si	Xiao-Jing Wang	orig
Grega Repovš	si	Michael W. Cole	edu
Grega Repovš	si	John D. Murray	orig
Grega Repovš	si	Matthew F. Glasser	-
Grega Repovš	si	Jonathan Power	-
Grega Repovš	si	Michael Cole	-
Grega Repovš	si	Jared Van Snellenberg	-
Grega Repovš	si	Guangyu Robert Yang 杨光宇	-
Grega Repovš	si	Philip Corlett	orig
Genevieve Yang	-	Xiao-Jing Wang	orig
Genevieve Yang	-	Michael W. Cole	edu
Genevieve Yang	-	John D. Murray	orig
Alberto Bernacchia	-	Xiao-Jing Wang	orig
Alberto Bernacchia	-	John D. Murray	orig
Michael W. Cole	edu	Xiao-Jing Wang	orig
Michael W. Cole	edu	Philip Corlett	orig
Michael W. Cole	edu	Steve Petersen	-
Chung-Chuan Lo	-	Xiao-Jing Wang	orig
Rishidev Chaudhuri	-	Xiao-Jing Wang	orig
David J. Freedman	-	Xiao-Jing Wang	orig
David J. Freedman	-	John D. Murray	orig
H Francis Song	-	Xiao-Jing Wang	orig
Jesper Tegnér	-	Xiao-Jing Wang	orig
Paul Miller	-	Xiao-Jing Wang	orig
Henry Kennedy	-	Xiao-Jing Wang	orig
Henry Kennedy	-	John D. Murray	orig
Jascha Sohl-Dickstein	-	Surya Ganguli	orig
Ben Poole	-	Surya Ganguli	orig
Niru Maheswaranathan	-	Surya Ganguli	orig
Subhaneil Lahiri	-	Surya Ganguli	orig
Haim Sompolinsky	-	Surya Ganguli	orig
Razvan Pascanu	-	Surya Ganguli	orig
Kyunghyun Cho	edu	Surya Ganguli	orig
Kyunghyun Cho	edu	Yoshua Bengio	-
Kyunghyun Cho	edu	Razvan Pascanu	-
Jonathan Kadmon	-	Surya Ganguli	orig
Kiah Hardcastle	-	Surya Ganguli	orig
Alex H Williams	-	Surya Ganguli	orig
Sam Ocko	-	Surya Ganguli	orig
David Sussillo	com	Surya Ganguli	orig
David Sussillo	com	Matthew T Kaufman	edu
David Sussillo	com	Jascha Sohl-Dickstein	-
David Sussillo	com	Niru Maheswaranathan	-
Richard Hahnloser	-	Surya Ganguli	orig
Saurabh Vyas	-	Surya Ganguli	orig
Mark J. Schnitzer	-	Surya Ganguli	orig
James A Waltz	-	Michael J Frank	orig
Yael Niv	edu	Yuan Chang Leong	-
Ben Seymour	uk	Nathaniel D. Daw	orig
Ben Seymour	uk	Samuel Gershman	edu
Ben Seymour	uk	Raymond J Dolan	uk
Ben Seymour	uk	John P. O'Doherty	-
Ben Seymour	uk	Chris Frith	uk
Ben Seymour	uk	Karl Friston	-
Ben Seymour	uk	Yael Niv	edu
Ben Seymour	uk	Deborah Talmi	-
Ben Seymour	uk	Thomas FitzGerald	-
Daphna Shohamy	-	Nathaniel D. Daw	orig
Raymond J Dolan	uk	Samuel Gershman	edu
Raymond J Dolan	uk	Steve Fleming	uk
Elizabeth Phelps	-	Nathaniel D. Daw	orig
Elizabeth Phelps	-	Ross Otto	ca
Elizabeth Phelps	-	Yael Niv	edu
John P. O'Doherty	-	Nathaniel D. Daw	orig
David Touretzky	-	Nathaniel D. Daw	orig
Aaron Courville	-	Nathaniel D. Daw	orig
Aaron Courville	-	Kyunghyun Cho	edu
Samuel Gershman	edu	Yael Niv	edu
Ross Otto	ca	Samuel Gershman	edu
Ross Otto	ca	W. Todd Maddox	-
Prof. T.W. Robbins	uk	Roshan Cools	nl
Prof. T.W. Robbins	uk	Ulrich Müller-Sedgwick	-
Prof. T.W. Robbins	uk	Valerie Voon	-
Bradley Doll	-	Nathaniel D. Daw	orig
Bradley Doll	-	Michael J Frank	orig
Claire M. Gillan	-	Nathaniel D. Daw	orig
Claire M. Gillan	-	Ross Otto	ca
Aaron M. Bornstein	edu	Nathaniel D. Daw	orig
Aaron M. Bornstein	edu	Kenneth A. Norman	edu
Aaron M. Bornstein	edu	Daphna Shohamy	-
Aaron M. Bornstein	edu	Jonathan D. Cohen	orig
Aaron M. Bornstein	edu	Anthony D. Wagner	-
Aaron M. Bornstein	edu	Gary Glover	-
Aaron M. Bornstein	edu	Samuel Gershman	edu
Aaron M. Bornstein	edu	Yael Niv	edu
Aaron M. Bornstein	edu	Gary A Kane	-
Daphna Joel	-	Nathaniel D. Daw	orig
Daphna Joel	-	Yael Niv	edu
Jian Li	-	Nathaniel D. Daw	orig
Arthur B. Markman	-	Samuel Gershman	edu
Arthur B. Markman	-	Ross Otto	ca
Arthur B. Markman	-	Manish Saggar	orig
Darrell A. Worthy	-	Ross Otto	ca
Peter Stone	-	Ross Otto	ca
Catherine Hartley	edu	Ross Otto	ca
Catherine Hartley	edu	Elizabeth Phelps	-
Catherine Hartley	edu	John Gabrieli	-
Catherine Hartley	edu	Gary Glover	-
Catherine Hartley	edu	Samuel Gershman	edu
Catherine Hartley	edu	Nathaniel D. Daw	orig
Brian Knutson	orig	Florian Schlagenhauf	-
Brian Knutson	orig	Gregory Samanez-Larkin	-
Brian Knutson	orig	Jaak Panksepp	-
Brian Knutson	orig	G. Elliott Wimmer	-
Brian Knutson	orig	Camelia M. Kuhnen	-
Brian Knutson	orig	Jeffrey Burgdorf	-
Brian Knutson	orig	Torsten Wüstenberg	-
Brian Knutson	orig	Michael Koslowski	-
Brian Knutson	orig	Jeanne Tsai	-
Brian Knutson	orig	Gary Glover	-
Brian Knutson	orig	Laura L. Carstensen	-
Brian Knutson	orig	Logan Grosenick	-
Brian Knutson	orig	Thorsten Kahnt	-
Brian Knutson	orig	Stephanie M Greer	-
Brian Knutson	orig	George Loewenstein	-
Brian Knutson	orig	Scott Rick	-
Brian Knutson	orig	Drazen Prelec	-
Brian Knutson	orig	Charlene C. Wu	-
Brian Knutson	orig	I Gotlib	-
Brian Knutson	orig	Piotr Winkielman	-
Brian Knutson	orig	Nick Garber Hollon	-
Brian Knutson	orig	Victor I Reus MD	-
Brian Knutson	orig	Owen M Wolkowitz	-
Brian Knutson	orig	Jürgen Gallinat	-
Brian Knutson	orig	Matthew D. Sacchet	-
Brian Knutson	orig	suzanne n haber	-
Brian Knutson	orig	Matthew T Kaufman	edu
Brian Knutson	orig	Michael Bauer	-
Brian Knutson	orig	R. Alison Adcock	-
Brian Knutson	orig	Carolyn Yoon	-
Brian Knutson	orig	Uma R. Karmarkar	-
Brian Knutson	orig	Hal Hershfield	-
Brian Knutson	orig	Reza Momenan	-
Brian Knutson	orig	F. Xavier Castellanos	-
Brian Knutson	orig	Michael Milham	-
Brian Knutson	orig	Jamil Palacios Bhanji	-
Brian Knutson	orig	Karl Deisseroth	-
Brian Knutson	orig	Kelly Zalocusky	-
Brian Knutson	orig	Josiah Leong	-
Brian Knutson	orig	Philipp Sterzer	-
Brian Knutson	orig	John Gabrieli	-
Brian Knutson	orig	Susan whitfield-gabrieli	-
Brian Knutson	orig	Jonathan Taylor	-
Brian Knutson	orig	Martin Paulus	-
Brian Knutson	orig	Peter bossaerts	-
Brian Knutson	orig	Kelly H MacNiven	-
Brian Knutson	orig	Rebecca Turner	-
Brian Knutson	orig	Samuel M. McClure	-
Brian Knutson	orig	Lauren Y. Atlas	-
Brian Knutson	orig	Daniel R. Weinberger	-
Brian Knutson	orig	Scott Huettel	-
Brian Knutson	orig	Robert Malenka	-
Brian Knutson	orig	Emily Ferenczi	-
Brian Knutson	orig	Melissa R. Warden	-
Brian Knutson	orig	Paul Kalanithi, MD	-
Brian Knutson	orig	Debha Amatya	-
Brian Knutson	orig	M.Stallen	-
Brian Knutson	orig	Ming Hsu	-
Brian Knutson	orig	Sean Mackey	-
Brian Knutson	orig	Satoshi Ikemoto	-
Brian Knutson	orig	D Wegner	-
Brian Knutson	orig	Kristina Suchotzki	-
Brian Knutson	orig	Gaurav Suri	-
Brian Knutson	orig	Venkata S. Mattay	-
Brian Knutson	orig	Hemmings Wu	-
Brian Knutson	orig	Darrell A. Worthy	-
Brian Knutson	orig	Mike X Cohen	-
Brian Knutson	orig	Daniel Västfjäll	-
Brian Knutson	orig	Paul Slovic	-
Brian Knutson	orig	Joe Kable	-
Brian Knutson	orig	Shinobu Kitayama	-
Brian Knutson	orig	Israel Liberzon	-
Brian Knutson	orig	Maarten Boksem	-
Brian Knutson	orig	Talia Lerner	-
Brian Knutson	orig	Thomas J Davidson	-
Brian Knutson	orig	Terry Lohrenz	-
Brian Knutson	orig	Richard P. Ebstein	-
Brian Knutson	orig	Michael Perry	-
Brian Knutson	orig	Robert F. Dougherty	-
Brian Knutson	orig	Sara Levens	-
Brian Knutson	orig	Max Wintermark, MD, MAS	-
Brian Knutson	orig	Helen Bronte-Stewart	-
Brian Knutson	orig	Rui Mata	-
Brian Knutson	orig	Paul EM Phillips	-
Brian Knutson	orig	Mauricio R. Delgado	-
Brian Knutson	orig	Tamar A. Kreps	-
Brian Knutson	orig	Keith Humphreys	-
Brian Knutson	orig	Franco Pestilli	-
Brian Knutson	orig	dennis charney	-
Brian Knutson	orig	Gregor Hasler	-
Brian Knutson	orig	kai joshua miller	-
Brian Knutson	orig	Katherine T. Martucci, PhD	-
Brian Knutson	orig	Nik Sawe	-
Brian Knutson	orig	Chun Pong Lester Tong	-
Brian Knutson	orig	Jamil Zaki	-
Brian Knutson	orig	Daniel O'Leary	-
Brian Knutson	orig	Robert MacCoun	-
Brian Knutson	orig	Tara Srirangarajan	-
Brian Knutson	orig	Tiffany (Wei-Ting) Hsu	-
Brian Knutson	orig	Jeff Cooper	-
Brian Knutson	orig	Helene Fung	-
Brian Knutson	orig	Kabir Khanna	-
Brian Knutson	orig	Christian Büchel	-
Brian Knutson	orig	Leili Mortazavi	-
Brian Knutson	orig	baba shiv	-
Andreas Heinz	-	Brian Knutson	orig
Alexander Genevsky	-	Brian Knutson	orig
Gary Glover	-	Matthew T Kaufman	edu
Gary Glover	-	Manish Saggar	orig
Anne Beck	-	Brian Knutson	orig
I Gotlib	-	Manish Saggar	orig
Arno Villringer	-	Brian Knutson	orig
Karl Deisseroth	-	Matthew T Kaufman	edu
BoKyung PARK	-	Brian Knutson	orig
Amit Etkin	-	Brian Knutson	orig
Anthony D. Wagner	-	Brian Knutson	orig
A Smidts	-	Brian Knutson	orig
Joe Kable	-	Theodore D. Satterthwaite	orig
Abraham Z. Snyder	-	Biyu J He	orig
Ayelet sapir	-	Biyu J He	orig
Andreas Daffertshofer	-	Biyu J He	orig
Jean M. Vettel, PhD	-	Timothy Verstynen	edu
Jean M. Vettel, PhD	-	Marcelo G Mattar	orig
Akaysha C. Tang	-	Timothy Verstynen	edu
Akaysha C. Tang	-	Manish Saggar	orig
Javier Omar Garcia	-	Timothy Verstynen	edu
David Badre	-	Timothy Verstynen	edu
David Badre	-	Michael J Frank	orig
Chris Frith	uk	Karl Friston	-
Chris Frith	uk	Philip Corlett	orig
Chris Frith	uk	Steve Fleming	uk
Karl Friston	-	Xiaosi Gu	orig
David C Glahn	-	John D. Murray	orig
David C Glahn	-	Grega Repovš	si
David C Glahn	-	Theodore D. Satterthwaite	orig
Paul Fletcher	uk	Prof. T.W. Robbins	uk
Paul Fletcher	uk	Philip Corlett	orig
Petra E Vértes	-	Richard Betzel	orig
Alexander Fornito	-	Edward T Bullmore	uk
Alexander Fornito	-	Dani S. Bassett	orig
Katya Rubia	-	Xiaosi Gu	orig
Bradley R. Postle	edu	Tim Buschman	orig
Bradley R. Postle	edu	Jason Samaha	edu
Adam Chekroud	edu	John Krystal	edu
Adam Chekroud	edu	Ralitza Gueorguieva	-
Adam Chekroud	edu	Tyrone Cannon	-
Adam Chekroud	edu	Martin Paulus	-
Adam Chekroud	edu	Philip Corlett	orig
Adam Chekroud	edu	Nikolaos Koutsouleris	-
Adam Chekroud	edu	Zarrar Shehzad	-
Adam Chekroud	edu	Avram Holmes	edu
Adam Chekroud	edu	John D. Murray	orig
Philip Corlett	orig	Prof. T.W. Robbins	uk
Philip Corlett	orig	Xiao-Jing Wang	orig
Philip Corlett	orig	Sarah Kathryn Fineberg	edu
Nikolaos Koutsouleris	-	Theodore D. Satterthwaite	orig
Leigh Hochberg	-	Wilson Truccolo	orig
Steven L. Bressler	-	Wilson Truccolo	orig
Mingzhou Ding	-	Wilson Truccolo	orig
Kevin H. Knuth	-	Wilson Truccolo	orig
Charles E. Schroeder	-	Wilson Truccolo	orig
Mark A Kramer	-	Wilson Truccolo	orig
Arjun K Bansal	-	Wilson Truccolo	orig
Jacob Donoghue	-	Wilson Truccolo	orig
Govindan Rangarajan	-	Wilson Truccolo	orig
Omar J Ahmed	-	Wilson Truccolo	orig
Matthew T Harrison	-	Wilson Truccolo	orig
Judith E. Fan	-	Marcelo G Mattar	orig
Bijan Pesaran	edu	David Kleinfeld	-
Bijan Pesaran	edu	Nathaniel D. Daw	orig
Bijan Pesaran	edu	Eric Leuthardt	-
Bijan Pesaran	edu	Thomas Thesen	edu
Tim Buschman	orig	robert desimone	-
Earl K. Miller	-	Tim Buschman	orig
Jefferson Roy	-	Tim Buschman	orig
Jonas Rose	-	Tim Buschman	orig
Pawel Andrzej Herman	-	Tim Buschman	orig
Markus Siegel	-	Tim Buschman	orig
Pascal Fries	-	Tim Buschman	orig
Elizabeth Buffalo	-	Tim Buschman	orig
Mikael Lundqvist	-	Tim Buschman	orig
Mark Stokes	-	Tim Buschman	orig
Matt Panichello	-	Tim Buschman	orig
Sabine Kastner	edu	Tim Buschman	orig
Sabine Kastner	edu	robert desimone	-
Eric L. Denovellis	-	Tim Buschman	orig
Daniel Bullock	-	Tim Buschman	orig
Gary A Kane	-	Tim Buschman	orig
Simon Kornblith	-	Tim Buschman	orig
Brian DePasquale	-	Tim Buschman	orig
Flora Bouchacourt	-	Tim Buschman	orig
Eelke Spaak	-	Tim Buschman	orig
Camden J MacDowell	-	Tim Buschman	orig
Jonathan Pillow	edu	Tim Buschman	orig
Jonathan Pillow	edu	Kenneth A. Norman	edu
Jonathan Pillow	edu	Uri Hasson	edu
Jonathan Pillow	edu	Yael Niv	edu
Brandy A. Briones	-	Tim Buschman	orig
Adam T Brockett	-	Tim Buschman	orig
Michael J. Wolff	-	Tim Buschman	orig
Janina Jochim	-	Tim Buschman	orig
Qing Yu	-	Tim Buschman	orig
Andre Beukers	-	Tim Buschman	orig
Sina Tafazoli	-	Tim Buschman	orig
Uri Hasson	edu	yaara yeshurun	-
Albert Powers, M.D., Ph.D.	orig	Christoph Mathys	-
Albert Powers, M.D., Ph.D.	orig	Ryan A Stevenson	-
Albert Powers, M.D., Ph.D.	orig	Magdalena M Vinyard (Wilson)	-
Albert Powers, M.D., Ph.D.	orig	Emily S. Finn	-
Albert Powers, M.D., Ph.D.	orig	Phillip Gorrindo	-
Albert Powers, M.D., Ph.D.	orig	Philip Corlett	orig
Thomas D. Parsons, PhD	orig	Timothy (Fred) McMahan	-
Thomas D. Parsons, PhD	orig	michael e. dawson	-
Albert Skip Rizzo	-	Thomas D. Parsons, PhD	orig
Patrick Kenny	-	Thomas D. Parsons, PhD	orig
Christopher Courtney	-	Thomas D. Parsons, PhD	orig
Barbara Olasov Rothbaum	-	Thomas D. Parsons, PhD	orig
Michael D. Barnett	-	Thomas D. Parsons, PhD	orig
Steven Paul Woods	-	Thomas D. Parsons, PhD	orig
Ian Parberry	-	Thomas D. Parsons, PhD	orig
Giuseppe Riva	-	Thomas D. Parsons, PhD	orig
Shrikanth (Shri) Narayanan	-	Thomas D. Parsons, PhD	orig
Brent J. Lance	-	Thomas D. Parsons, PhD	orig
Andrea Gaggioli	-	Thomas D. Parsons, PhD	orig
Justin Asbee	-	Thomas D. Parsons, PhD	orig
Al Dueck	-	Thomas D. Parsons, PhD	orig
Brendan Rooney, PhD	-	Thomas D. Parsons, PhD	orig
Doug Schultz	-	Michael W. Cole	edu
Jonathan Power	-	Michael W. Cole	edu
Jonathan Power	-	Theodore D. Satterthwaite	orig
Kaustubh R Kulkarni	-	Michael W. Cole	edu
Kaustubh R Kulkarni	-	Xiaosi Gu	orig
Anderson M. Winkler	-	Michael W. Cole	edu
Anderson M. Winkler	-	Grega Repovš	si
David C Van Essen	-	John D. Murray	orig
Daniela Schiller	-	Yael Niv	edu
Daniela Schiller	-	Xiaosi Gu	orig
Hyojung Seo	-	John D. Murray	orig
Christos Constantinidis	-	John D. Murray	orig
Franz X. Vollenweider	-	John D. Murray	orig
Camillo Padoa-Schioppa	-	John D. Murray	orig
Amy Arnsten	-	John D. Murray	orig
Christopher Pittenger	-	John D. Murray	orig
Jennifer Foss-Feig	-	John D. Murray	orig
Ben D. Fulcher	-	John D. Murray	orig
Guangyu Robert Yang 杨光宇	-	John D. Murray	orig
Deanna Barch	-	John D. Murray	orig
François Treussart	-	John D. Murray	orig
Jaime E. Hallak	-	John D. Murray	orig
Antonio C. Roque	-	John D. Murray	orig
David A. McCormick	-	John D. Murray	orig
Edward Zagha	-	John D. Murray	orig
Jasmine Stone	-	John D. Murray	orig
Michael Halassa	-	Sabine Kastner	edu
Angela J. Yu	orig	Jonathan D. Cohen	orig
Angela J. Yu	orig	Martin Paulus	-
Angela J. Yu	orig	Samuel M. McClure	-
Angela J. Yu	orig	Pradeep Shenoy	-
Angela J. Yu	orig	Shunan Zhang	-
Angela J. Yu	orig	Katia M Harlé	-
Angela J. Yu	orig	axel cleeremans	-
Angela J. Yu	orig	TOMASO POGGIO	-
Angela J. Yu	orig	Martin A. Giese	-
Angela J. Yu	orig	Irene Cogliati Dezza	-
Angela J. Yu	orig	Jaime S Ide	-
Angela J. Yu	orig	Chiang-shan Ray Li	-
Angela J. Yu	orig	Chaitanya K. Ryali	-
Angela J. Yu	orig	Dalin Guo	-
Angela J. Yu	orig	Ning Ma	-
Angela J. Yu	orig	Sheeraz Ahmad	-
Angela J. Yu	orig	William Alexander	-
Angela J. Yu	orig	Susan Tapert	-
Angela J. Yu	orig	Jennifer Lorraine Stewart	-
Angela J. Yu	orig	Peter I Frazier	-
Angela J. Yu	orig	sheng zhang	-
Angela J. Yu	orig	Sien Hu	-
Angela J. Yu	orig	Linjie Li 李琳婕	-
Angela J. Yu	orig	Vicente Malave	-
Angela J. Yu	orig	Rajesh PN Rao	-
Angela J. Yu	orig	Savas Dayanik	-
Angela J. Yu	orig	Simon Zhornitsky	-
Angela J. Yu	orig	Gautam Reddy	-
Angela J. Yu	orig	Piotr Winkielman	-
Angela J. Yu	orig	Francisco Barceló	-
Angela J. Yu	orig	Paul Bentley	-
Angela J. Yu	orig	Ben Seymour	uk
Angela J. Yu	orig	Corey Zhou	-
Angela J. Yu	orig	Garrison W. Cottrell	-
Angela J. Yu	orig	He (Crane) Huang	-
Angela J. Yu	orig	Jingya Huang	-
Amanda Song	-	Angela J. Yu	orig
Francisco Barceló	-	Robert Thomas Knight	edu
Geoffrey K Aguirre	-	Russell Epstein	edu
Geoffrey K Aguirre	-	Marcelo G Mattar	orig
Mike Aitken-Deakin	uk	Prof. T.W. Robbins	uk
Mike Aitken-Deakin	uk	Paul Fletcher	uk
Mike Aitken-Deakin	uk	Philip Corlett	orig
Luke Clark	ca	Mike Aitken-Deakin	uk
Luke Clark	ca	Roshan Cools	nl
Luke Clark	ca	Prof. T.W. Robbins	uk
Luke Clark	ca	Philip Corlett	orig
Anthony Dickinson	uk	Mike Aitken-Deakin	uk
Anthony Dickinson	uk	Prof. T.W. Robbins	uk
Anthony Dickinson	uk	David Shanks	uk
Anthony Dickinson	uk	Philip Corlett	orig
Quentin Huys	-	Roshan Cools	nl
Theodore D. Satterthwaite	orig	kosha Ruparel	-
Theodore D. Satterthwaite	orig	Tyler M. Moore	-
Theodore D. Satterthwaite	orig	Zaixu Cui	-
Theodore D. Satterthwaite	orig	Warren Bilker	-
Theodore D. Satterthwaite	orig	Yong Fan	-
Theodore D. Satterthwaite	orig	yvette ingrid Sheline	-
Theodore D. Satterthwaite	orig	Zhen Yang	-
Theodore D. Satterthwaite	orig	Xiao-Song He	-
Theodore D. Satterthwaite	orig	Xi-Nian Zuo (左西年)	-
Theodore D. Satterthwaite	orig	brian avants	-
Theodore D. Satterthwaite	orig	Zarrar Shehzad	-
Theodore D. Satterthwaite	orig	Tianhao Zhang	-
Theodore D. Satterthwaite	orig	Zhixin Lu	-
Theodore D. Satterthwaite	orig	Yangming Ou	-
Theodore D. Satterthwaite	orig	clifford woolf	-
Theodore D. Satterthwaite	orig	Ursula Tooley	-
Theodore D. Satterthwaite	orig	Tim Campellone	-
Ruben Gur	-	Theodore D. Satterthwaite	orig
Raquel E. Gur	-	Theodore D. Satterthwaite	orig
Daniel H. Wolf	-	Theodore D. Satterthwaite	orig
Daniel H. Wolf	-	Richard Betzel	orig
David Roalf	-	Theodore D. Satterthwaite	orig
Monica E. Calkins	-	Theodore D. Satterthwaite	orig
Russell Shinohara	-	Theodore D. Satterthwaite	orig
Christos Davatzikos	-	Theodore D. Satterthwaite	orig
Christos Davatzikos	-	Dani S. Bassett	orig
Dani S. Bassett	orig	Theodore D. Satterthwaite	orig
Dani S. Bassett	orig	Raquel E. Gur	-
Dani S. Bassett	orig	Scott Grafton MD	-
Dani S. Bassett	orig	Ruben Gur	-
Dani S. Bassett	orig	Richard Betzel	orig
Dani S. Bassett	orig	Fabio Pasqualetti	-
Dani S. Bassett	orig	David Roalf	-
Dani S. Bassett	orig	Russell Shinohara	-
Dani S. Bassett	orig	Shi Gu	-
Dani S. Bassett	orig	Tyler M. Moore	-
Dani S. Bassett	orig	John Medaglia	-
Dani S. Bassett	orig	kosha Ruparel	-
Dani S. Bassett	orig	Rastko Ciric	-
Dani S. Bassett	orig	Jean M. Vettel, PhD	-
Dani S. Bassett	orig	Daniel H. Wolf	-
Dani S. Bassett	orig	Graham Baum	-
Dani S. Bassett	orig	Peter J. Mucha	-
Dani S. Bassett	orig	Mason Porter	-
Dani S. Bassett	orig	Daniel R. Weinberger	-
Dani S. Bassett	orig	Perry Zurn	-
Dani S. Bassett	orig	Marcelo G Mattar	orig
Dani S. Bassett	orig	Sarah Feldt Muldoon	-
Dani S. Bassett	orig	Emily B. Falk	-
Dani S. Bassett	orig	Monica E. Calkins	-
Dani S. Bassett	orig	Sharon L. Thompson-Schill	-
Dani S. Bassett	orig	Michael B Miller	-
Dani S. Bassett	orig	Philip A Cook	-
Dani S. Bassett	orig	Simon Vandekar	-
Dani S. Bassett	orig	Mary-Ellen Lynall	-
Dani S. Bassett	orig	Qawi Telesford	-
Dani S. Bassett	orig	Karen Daniels	-
Dani S. Bassett	orig	Evelyn Tang	-
Dani S. Bassett	orig	Michael W. Cole	edu
Dani S. Bassett	orig	Tommaso Menara	-
Dani S. Bassett	orig	Weiyu Huang	-
Dani S. Bassett	orig	Jason L Stein	-
Dani S. Bassett	orig	Joe Kable	-
Dani S. Bassett	orig	Fabrizio, De Vico Fallani	-
Dani S. Bassett	orig	Elisabeth Karuza	-
Dani S. Bassett	orig	Kevin Brown	-
Dani S. Bassett	orig	Jonathan Power	-
Dani S. Bassett	orig	Simon B. Eickhoff	-
Dani S. Bassett	orig	Manfred G Kitzbichler	-
Dani S. Bassett	orig	George J. Pappas	-
Dani S. Bassett	orig	Olaf Sporns	orig
Dani S. Bassett	orig	Sophie Achard	-
Dani S. Bassett	orig	Javier Omar Garcia	-
Dani S. Bassett	orig	David Meunier	-
Dani S. Bassett	orig	Sérgio Pequito	-
Dani S. Bassett	orig	Matthew Brook O'Donnell	-
Dani S. Bassett	orig	Steven Tompson	-
Dani S. Bassett	orig	Oliver Grimm	-
Dani S. Bassett	orig	Nina Romanczuk-Seiferth OR Nina Seiferth OR Nina Yvonne Seiferth	-
Dani S. Bassett	orig	Henrik Walter	-
Dani S. Bassett	orig	David C Glahn	-
Dani S. Bassett	orig	Michael S. Gazzaniga	-
Dani S. Bassett	orig	Ulrich Müller-Sedgwick	-
Dani S. Bassett	orig	Elissa Aminoff	-
Dani S. Bassett	orig	Dr. Christine M. Tipper	-
Dani S. Bassett	orig	Michael Milham	-
Dani S. Bassett	orig	Robert Ghrist	-
Dani S. Bassett	orig	Steve Petersen	-
Dani S. Bassett	orig	Jennifer E. Phillips-Cremins (Jennifer E. Phillips)	-
Dani S. Bassett	orig	Shennan Aibel Weiss	-
Dani S. Bassett	orig	Ellen Leibenluft	-
Dani S. Bassett	orig	Florian Klimm	-
Dani S. Bassett	orig	Murat Yücel	-
Dani S. Bassett	orig	Doug Schultz	-
Dani S. Bassett	orig	Kenneth S. Kosik	-
Dani S. Bassett	orig	Hongjun (Robin) Zhou	-
Dani S. Bassett	orig	Felix Siebenhühner	-
Dani S. Bassett	orig	Scott Freeman	-
Dani S. Bassett	orig	David Clewett	edu
Dani S. Bassett	orig	Simon Moore	-
Dani S. Bassett	orig	Sophia Frangou	-
Dani S. Bassett	orig	Jesse Brown	-
Dani S. Bassett	orig	Vibhas Deshpande	-
Dani S. Bassett	orig	Elizabeth Davison	-
Dani S. Bassett	orig	Kimberly J Schlesinger	-
Dani S. Bassett	orig	Pradeep J. Nathan	-
Dani S. Bassett	orig	Marie L Smith	-
Dani S. Bassett	orig	Zarrar Shehzad	-
Dani S. Bassett	orig	David Meaney	-
Dani S. Bassett	orig	Nicole Cooper	-
Dani S. Bassett	orig	Raphael Gerraty	-
Dani S. Bassett	orig	Gaelle E. Doucet	-
Dani S. Bassett	orig	David Alderson	-
Dani S. Bassett	orig	John Suckling	-
Dani S. Bassett	orig	Karl W Doron	-
Dani S. Bassett	orig	James Puckett	-
Dani S. Bassett	orig	Ragini Verma	-
Dani S. Bassett	orig	Idan Asher Blank	edu
Dani S. Bassett	orig	Evelina (Ev) Fedorenko	-
Dani S. Bassett	orig	Desmond Higham	-
Dani S. Bassett	orig	Reuben H. Kraft, PhD	-
Dani S. Bassett	orig	Sean P. Stromberg	-
Dani S. Bassett	orig	Tianzi Jiang, MAE, FIEEE, FIAPR, FAIMBE	-
Dani S. Bassett	orig	Qiang Chen	-
Dani S. Bassett	orig	Zhonghan Li	-
Dani S. Bassett	orig	Neha Rani	-
Dani S. Bassett	orig	Roberta Rasetti	-
Dani S. Bassett	orig	Petko Bogdanov	-
Dani S. Bassett	orig	F. Gregory Ashby	-
Dani S. Bassett	orig	brian avants	-
Dani S. Bassett	orig	Michael Cole	-
Dani S. Bassett	orig	Hakon Hakonarson	-
Dani S. Bassett	orig	Timothy Lucas	-
Dani S. Bassett	orig	Dwight Dickinson	-
Dani S. Bassett	orig	Santiago Segarra	-
Dani S. Bassett	orig	James Gee	-
Dani S. Bassett	orig	Petra E Vértes	-
Dani S. Bassett	orig	Jay Giedd	-
Dani S. Bassett	orig	Geoffrey K Aguirre	-
Dani S. Bassett	orig	Efstathios (Stathis) D Gennatas	-
Dani S. Bassett	orig	Rebecca Ashare	-
Dani S. Bassett	orig	Pablo Blinder	-
Dani S. Bassett	orig	Henrik Ronellenfitsch	-
Dani S. Bassett	orig	Fabian A Soto	-
Dani S. Bassett	orig	David Kleinfeld	-
Dani S. Bassett	orig	Karin Foerde	-
Dani S. Bassett	orig	Ralf Schmälzle [Schmaelzle]	-
Dani S. Bassett	orig	Timothy Verstynen	edu
Dani S. Bassett	orig	Eleni Katifori	-
Dani S. Bassett	orig	Jürgen Kurths	-
Dani S. Bassett	orig	Robert Schultz	-
Dani S. Bassett	orig	Marion Betizeau	-
Dani S. Bassett	orig	Nailin Yao	-
Dani S. Bassett	orig	Emily Craparo	-
Hakon Hakonarson	-	Theodore D. Satterthwaite	orig
Simon Vandekar	-	Theodore D. Satterthwaite	orig
Rastko Ciric	-	Theodore D. Satterthwaite	orig
Cedric Huchuan Xia	-	Theodore D. Satterthwaite	orig
Cedric Huchuan Xia	-	Richard Betzel	orig
Graham Baum	-	Theodore D. Satterthwaite	orig
Graham Baum	-	Richard Betzel	orig
Ragini Verma	-	Theodore D. Satterthwaite	orig
Adon Rosen	-	Theodore D. Satterthwaite	orig
Guray Erus	-	Theodore D. Satterthwaite	orig
Efstathios (Stathis) D Gennatas	-	Theodore D. Satterthwaite	orig
Antonia N. Kaczkurkin	-	Theodore D. Satterthwaite	orig
Chad Jackson	-	Theodore D. Satterthwaite	orig
Chad Jackson	-	Dani S. Bassett	orig
Philip A Cook	-	Theodore D. Satterthwaite	orig
Azeez Adebimpe	-	Theodore D. Satterthwaite	orig
Azeez Adebimpe	-	Marcelo G Mattar	orig
Karthik Prabhakaran	-	Theodore D. Satterthwaite	orig
Shi Gu	-	Theodore D. Satterthwaite	orig
Ryan Hopson	-	Theodore D. Satterthwaite	orig
Simon B. Eickhoff	-	Theodore D. Satterthwaite	orig
Matthew Cieslak	-	Theodore D. Satterthwaite	orig
Matthew Cieslak	-	Richard Betzel	orig
Aristeidis Sotiras	-	Theodore D. Satterthwaite	orig
Mark Elliott	-	Theodore D. Satterthwaite	orig
Bart Larsen	-	Theodore D. Satterthwaite	orig
Angel Garcia de la Garza	-	Theodore D. Satterthwaite	orig
Richard Betzel	orig	Theodore D. Satterthwaite	orig
Richard Betzel	orig	Xi-Nian Zuo (左西年)	-
Richard Betzel	orig	Youngheun Jo	-
Richard Betzel	orig	Urs Braun	-
Richard Betzel	orig	Russ Poldrack	edu
Richard Betzel	orig	Yong-Yeol Ahn	-
Richard Betzel	orig	Yoed N. Kenett	-
Richard Betzel	orig	Roger Beaty	-
Richard Betzel	orig	William P. Hetrick	-
Richard Betzel	orig	Scott Grafton MD	-
Richard Betzel	orig	Sharon L. Thompson-Schill	-
Richard Betzel	orig	Robert Zatorre	-
Richard Betzel	orig	Sarah Greenwell	-
Richard Betzel	orig	Zhixin Lu	-
Richard Betzel	orig	Sarah Cutts	-
Kristin Linn	-	Theodore D. Satterthwaite	orig
John Detre	-	Theodore D. Satterthwaite	orig
J. Cobb Scott	-	Theodore D. Satterthwaite	orig
Harini Eavani	-	Theodore D. Satterthwaite	orig
Ellen Leibenluft	-	Theodore D. Satterthwaite	orig
Birkan Tunç	-	Theodore D. Satterthwaite	orig
Birkan Tunç	-	Dani S. Bassett	orig
Damien Fair	-	Theodore D. Satterthwaite	orig
Megan Quarmley	-	Theodore D. Satterthwaite	orig
Patrick Sleiman	-	Theodore D. Satterthwaite	orig
Anup Sharma, MD PhD	-	Theodore D. Satterthwaite	orig
Anup Sharma, MD PhD	-	Dani S. Bassett	orig
Daniel Pine	-	Theodore D. Satterthwaite	orig
Aaron F Alexander-Bloch	-	Theodore D. Satterthwaite	orig
Aaron F Alexander-Bloch	-	Richard Betzel	orig
Haochang Shou	-	Theodore D. Satterthwaite	orig
Ran Barzilay	-	Theodore D. Satterthwaite	orig
Raphael Gerraty	-	Theodore D. Satterthwaite	orig
John Medaglia	-	Theodore D. Satterthwaite	orig
John Medaglia	-	Richard Betzel	orig
Kathleen Merikangas	-	Theodore D. Satterthwaite	orig
Ari Kahn	-	Theodore D. Satterthwaite	orig
Ari Kahn	-	Marcelo G Mattar	orig
Ari Kahn	-	Richard Betzel	orig
Christian Kohler	-	Theodore D. Satterthwaite	orig
Robert Schultz	-	Theodore D. Satterthwaite	orig
Jakob Seidlitz	-	Theodore D. Satterthwaite	orig
Madhura Ingalhalikar	-	Theodore D. Satterthwaite	orig
Jimit Doshi	-	Theodore D. Satterthwaite	orig
J. Eric Schmitt	-	Theodore D. Satterthwaite	orig
Evelyn Tang	-	Theodore D. Satterthwaite	orig
Evelyn Tang	-	Marcelo G Mattar	orig
Evelyn Tang	-	Richard Betzel	orig
Erica Baller	-	Theodore D. Satterthwaite	orig
Adam Pines	-	Theodore D. Satterthwaite	orig
Jeffrey N Valdez	-	Theodore D. Satterthwaite	orig
Eli Cornblath	-	Theodore D. Satterthwaite	orig
Eli Cornblath	-	Richard Betzel	orig
Benjamin E. Yerys	-	Theodore D. Satterthwaite	orig
Benjamin E. Yerys	-	Dani S. Bassett	orig
Erdem Varol	-	Theodore D. Satterthwaite	orig
Dan Romer	-	Theodore D. Satterthwaite	orig
Dan Romer	-	Marcelo G Mattar	orig
Petra Rupert	-	Theodore D. Satterthwaite	orig
Adam Savitt	-	Theodore D. Satterthwaite	orig
Beverly S. Emanuel	-	Theodore D. Satterthwaite	orig
Chad Giusti	-	Theodore D. Satterthwaite	orig
Chad Giusti	-	Dani S. Bassett	orig
Chad Giusti	-	Marcelo G Mattar	orig
Chad Giusti	-	Richard Betzel	orig
Jonathan D. Blumenthal	-	Theodore D. Satterthwaite	orig
Danilo Bzdok	-	Theodore D. Satterthwaite	orig
M. Dylan Tisdall	-	Theodore D. Satterthwaite	orig
David Martin Lydon-Staley	-	Theodore D. Satterthwaite	orig
David Martin Lydon-Staley	-	Marcelo G Mattar	orig
Alessandra Valcarcel	-	Theodore D. Satterthwaite	orig
Mallar Chakravarty	-	Theodore D. Satterthwaite	orig
Jay Giedd	-	Theodore D. Satterthwaite	orig
Jason Lerch	-	Theodore D. Satterthwaite	orig
Lauren K. White	-	Theodore D. Satterthwaite	orig
Jonathan Smallwood	-	Theodore D. Satterthwaite	orig
Allyson Mackey	-	Theodore D. Satterthwaite	orig
Ganesh Chand	-	Theodore D. Satterthwaite	orig
Birgit Derntl	-	Theodore D. Satterthwaite	orig
Fabio Pasqualetti	-	Theodore D. Satterthwaite	orig
Fabio Pasqualetti	-	Marcelo G Mattar	orig
Jean-Philippe Fortin	-	Theodore D. Satterthwaite	orig
John Herrington	-	Theodore D. Satterthwaite	orig
Robert Jirsaraie	-	Theodore D. Satterthwaite	orig
Moriah E. Thomason	-	Theodore D. Satterthwaite	orig
Beatriz Luna	-	Theodore D. Satterthwaite	orig
Amy Pinkham	-	Theodore D. Satterthwaite	orig
PK Reardon	-	Theodore D. Satterthwaite	orig
Jason D. Jones	-	Theodore D. Satterthwaite	orig
Ankit N. Khambhati	-	Theodore D. Satterthwaite	orig
Ankit N. Khambhati	-	Marcelo G Mattar	orig
Ankit N. Khambhati	-	Richard Betzel	orig
Andrew C. Murphy	-	Theodore D. Satterthwaite	orig
Andrew C. Murphy	-	Dani S. Bassett	orig
Andrew C. Murphy	-	Marcelo G Mattar	orig
Scott Grafton MD	-	Theodore D. Satterthwaite	orig
Harsha Battapady	-	Theodore D. Satterthwaite	orig
John Muschelli	-	Theodore D. Satterthwaite	orig
Joel Myerson	-	Theodore D. Satterthwaite	orig
Leonard Green	-	Theodore D. Satterthwaite	orig
Bertrand Thirion	-	Theodore D. Satterthwaite	orig
Nicholas Wymbs	-	Theodore D. Satterthwaite	orig
Evan Gordon	-	Theodore D. Satterthwaite	orig
Evan Gordon	-	Richard Betzel	orig
Chandan J Vaidya	-	Theodore D. Satterthwaite	orig
Paul J. Moberg	-	Theodore D. Satterthwaite	orig
Lia Papadopoulos	-	Theodore D. Satterthwaite	orig
Lia Papadopoulos	-	Richard Betzel	orig
Allan Basbaum	-	Theodore D. Satterthwaite	orig
Robert H. Dworkin	-	Theodore D. Satterthwaite	orig
Mohamad Habes	-	Theodore D. Satterthwaite	orig
Irem Aselcioglu	-	Theodore D. Satterthwaite	orig
Rachel Hershenberg, Ph.D.	-	Theodore D. Satterthwaite	orig
Jon B. Toledo Atucha, MD, Ph.D.	-	Theodore D. Satterthwaite	orig
Erin W. Dickie	-	Theodore D. Satterthwaite	orig
Sangil Lee	-	Theodore D. Satterthwaite	orig
Berkan Solmaz	-	Theodore D. Satterthwaite	orig
Lucy Chai	-	Theodore D. Satterthwaite	orig
Lucy Chai	-	Marcelo G Mattar	orig
Josiane Bourque	-	Theodore D. Satterthwaite	orig
Monica Truelove-Hill	-	Theodore D. Satterthwaite	orig
CN Epperson	-	Theodore D. Satterthwaite	orig
João Ricardo Sato	-	Theodore D. Satterthwaite	orig
Ian Barnett	-	Theodore D. Satterthwaite	orig
Kerstin Konrad	-	Theodore D. Satterthwaite	orig
Gaël Varoquaux	-	Theodore D. Satterthwaite	orig
Konasale Prasad	-	Theodore D. Satterthwaite	orig
Jamie E. Podell	-	Theodore D. Satterthwaite	orig
Jami F Young	-	Theodore D. Satterthwaite	orig
Janina Seubert	-	Theodore D. Satterthwaite	orig
Linda Q. Yu	-	Theodore D. Satterthwaite	orig
Marcelo G Mattar	orig	Theodore D. Satterthwaite	orig
Marcelo G Mattar	orig	Sharon L. Thompson-Schill	-
Marcelo G Mattar	orig	Nathaniel D. Daw	orig
Marcelo G Mattar	orig	Scott Grafton MD	-
Marcelo G Mattar	orig	Nicholas Wymbs	-
Marcelo G Mattar	orig	Shi Gu	-
Marcelo G Mattar	orig	Richard Betzel	orig
Marcelo G Mattar	orig	Russell Epstein	edu
Marcelo G Mattar	orig	Michael W. Cole	edu
Marcelo G Mattar	orig	Peter Barrett Bryan	-
Marcelo G Mattar	orig	Matthew Cieslak	-
Marcelo G Mattar	orig	Nathan F. Parker	-
Marcelo G Mattar	orig	Rachel Lee	-
Marcelo G Mattar	orig	Tim Behrens	uk
Marcelo G Mattar	orig	Yunzhe Liu	-
Marcelo G Mattar	orig	Raymond Dolan	-
Marcelo G Mattar	orig	Maria Olkkonen	-
Marcelo G Mattar	orig	Pranav Reddy	-
Marcelo G Mattar	orig	Mayank Agrawal	-
Marcelo G Mattar	orig	Noah C. Benson	-
Marcelo G Mattar	orig	Teresa K. Pegors	-
Pranav Reddy	-	Theodore D. Satterthwaite	orig
Pranav Reddy	-	Richard Betzel	orig
Jennifer Stiso	-	Theodore D. Satterthwaite	orig
Jennifer Stiso	-	Richard Betzel	orig
Randy Gollub	-	Theodore D. Satterthwaite	orig
Hamdi Eryilmaz	-	Theodore D. Satterthwaite	orig
Steve Reise	-	Theodore D. Satterthwaite	orig
Bilwaj Gaonkar	-	Theodore D. Satterthwaite	orig
Rodrigo A Bressan	-	Theodore D. Satterthwaite	orig
Stephanie Ameis	-	Theodore D. Satterthwaite	orig
Molly G. Bright	-	Theodore D. Satterthwaite	orig
Daniela Witten	-	Theodore D. Satterthwaite	orig
Alison Merikangas	-	Theodore D. Satterthwaite	orig
Romain Duprat, PhD	-	Theodore D. Satterthwaite	orig
Jessica Turner	-	Theodore D. Satterthwaite	orig
Theo GM van Erp	-	Theodore D. Satterthwaite	orig
Nicholas Neufeld	-	Theodore D. Satterthwaite	orig
Jordan D Dworkin	-	Theodore D. Satterthwaite	orig
Benoit Mulsant	-	Theodore D. Satterthwaite	orig
John R. Keefe	-	Theodore D. Satterthwaite	orig
Matthew J. Weber	-	Theodore D. Satterthwaite	orig
Nicolas Honnorat	-	Theodore D. Satterthwaite	orig
Christos Pantelis	-	Theodore D. Satterthwaite	orig
Christos Pantelis	-	Dani S. Bassett	orig
Paola Dazzan	-	Theodore D. Satterthwaite	orig
Philip L. Jackson	-	Xiaosi Gu	orig
Manish Saggar	orig	Risto Miikkulainen	-
Manish Saggar	orig	Wei-Chen Hong	-
Manish Saggar	orig	Pascal Vrticka	-
Manish Saggar	orig	Stephen Aichele	-
Manish Saggar	orig	Olaf Sporns	orig
Manish Saggar	orig	Xu Cui	-
Manish Saggar	orig	Phillip R. Shaver	-
Manish Saggar	orig	Tamar Green	-
Manish Saggar	orig	Peter A. Bandettini	-
Manish Saggar	orig	Robert F. Dougherty	-
Manish Saggar	orig	Rafi Ayub	-
Manish Saggar	orig	Roger Beaty	-
Manish Saggar	orig	Peter Stone	-
Manish Saggar	orig	Thomas D'Silva	-
Manish Saggar	orig	Tekin Meriçli	-
Manish Saggar	orig	Neeraj Sonalkar	-
Manish Saggar	orig	Tamara Hershey	-
Manish Saggar	orig	Paul Mazaika	-
Manish Saggar	orig	Matthew D. Sacchet	-
Manish Saggar	orig	Sahar Jahanikia	-
Manish Saggar	orig	Naama Mayseless	-
Manish Saggar	orig	W. Todd Maddox	-
Manish Saggar	orig	Mengsen Zhang	-
Manish Saggar	orig	Shella Keilholz	-
Allan Reiss	-	Manish Saggar	orig
Adam Royalty	-	Manish Saggar	orig
David A Bridwell	-	Manish Saggar	orig
Brandon King	-	Manish Saggar	orig
Clifford Saron	-	Manish Saggar	orig
Jennifer Bruno	-	Manish Saggar	orig
Joseph Baker	-	Manish Saggar	orig
Anthony Zanesco	-	Manish Saggar	orig
Baljinder K. Sahdra	-	Manish Saggar	orig
Emilio Ferrer	-	Manish Saggar	orig
Hua (Oliver) Xie	-	Manish Saggar	orig
Javier Gonzalez-Castillo	-	Manish Saggar	orig
George R. Mangun	-	Manish Saggar	orig
Abhimanyu Lad	-	Manish Saggar	orig
Ashish Kumar Agrawal	-	Manish Saggar	orig
Caleb Geniesse	-	Manish Saggar	orig
Giovanni Petri	-	Manish Saggar	orig
Lawrence Fung	-	Manish Saggar	orig
David S. Hong	-	Manish Saggar	orig
David M Schnyer	-	Manish Saggar	orig
Fumiko Hoeft	-	Manish Saggar	orig
Leanne M Williams	-	Manish Saggar	orig
Atanas Stankov	-	Manish Saggar	orig
Malte F Jung	-	Manish Saggar	orig
Amber Howell	-	Manish Saggar	orig
Iliana I. Karipidis	-	Manish Saggar	orig
Ilana B. Witten	edu	Jonathan Pillow	edu
Ilana B. Witten	edu	Marcelo G Mattar	orig
James F Cavanagh	-	Michael J Frank	orig
Anne G.E. Collins	orig	Michael J Frank	orig
Ahmed Moustafa	-	Michael J Frank	orig
Matthew Nassar	-	Michael J Frank	orig
Marjorie Solomon	-	Michael J Frank	orig
Alain Dagher	-	Richard Betzel	orig
David Shanks	uk	Philip Corlett	orig
Andreas Meyer-Lindenberg	-	Dani S. Bassett	orig
Ann Sizemore Blevins	-	Dani S. Bassett	orig
Ann Sizemore Blevins	-	Richard Betzel	orig
Brian Litt	-	Dani S. Bassett	orig
Alejandro Ribeiro	-	Dani S. Bassett	orig
Ann M Hermundstad	-	Dani S. Bassett	orig
Brent G Nelson	-	Dani S. Bassett	orig
Amy Frithsen	-	Dani S. Bassett	orig
Andrew Zalesky	-	Dani S. Bassett	orig
Alfred B Yu	-	Dani S. Bassett	orig
Christopher N Cascio	-	Dani S. Bassett	orig
Brigitte Rockstroh	-	Dani S. Bassett	orig
Anna Barnes	-	Dani S. Bassett	orig
Idan Asher Blank	edu	Marcelo G Mattar	orig
Evelina (Ev) Fedorenko	-	Marcelo G Mattar	orig
Evelina (Ev) Fedorenko	-	Idan Asher Blank	edu
Colette Dehay	-	Dani S. Bassett	orig
Christine Henzler	-	Dani S. Bassett	orig
Christopher A. Olm	-	Dani S. Bassett	orig
Corey McMillan	-	Dani S. Bassett	orig
Alexander V. Mantzaris	-	Dani S. Bassett	orig
Beth Winkelstein	-	Dani S. Bassett	orig
Ben Turner	-	Dani S. Bassett	orig
Adriana Galvan	edu	Dani S. Bassett	orig
Chiara Favaretto	-	Dani S. Bassett	orig
Angelo Cenedese	-	Dani S. Bassett	orig
Caryn lerman	-	Dani S. Bassett	orig
Xiaosi Gu	orig	evdokia anagnostou	-
Xiaosi Gu	orig	Yuejia Luo	-
Xiaosi Gu	orig	Yong He	-
Xiaosi Gu	orig	Yihong Yang	-
Xiaosi Gu	orig	Yi Luo	-
Xiaosi Gu	orig	tobias nolte	-
Jin Fan	-	Xiaosi Gu	orig
Read Montague	orig	Xiaosi Gu	orig
Shihui Han	-	Xiaosi Gu	orig
Vincenzo G. Fiore	-	Xiaosi Gu	orig
Alexander Kolevzon	-	Xiaosi Gu	orig
Chet C. Sherwood	-	Xiaosi Gu	orig
Catherine Sebastian	-	Xiaosi Gu	orig
Stephane De Brito	-	Xiaosi Gu	orig
Essi Viding	-	Xiaosi Gu	orig
Eamon McCrory	-	Xiaosi Gu	orig
Michael I. Posner	-	Xiaosi Gu	orig
Dongil Chung	-	Xiaosi Gu	orig
Laura Martin Braunstein	-	Xiaosi Gu	orig
Peter Fonagy	-	Xiaosi Gu	orig
Patricia Lockwood	-	Xiaosi Gu	orig
Thomas FitzGerald	-	Xiaosi Gu	orig
Anjali Krishnan	-	Xiaosi Gu	orig
Choong-Wan Woo	-	Xiaosi Gu	orig
Luke J. Chang	-	Xiaosi Gu	orig
Jesus Pujol	-	Xiaosi Gu	orig
Marina López-Solà, PhD.	-	Xiaosi Gu	orig
Tor Wager	-	Xiaosi Gu	orig
Alireza Soltani	-	Xiaosi Gu	orig
Ramiro Salas	-	Xiaosi Gu	orig
Paul Cinciripini	-	Xiaosi Gu	orig
Kenneth T. Kishida	-	Xiaosi Gu	orig
Woo-Young Ahn	-	Xiaosi Gu	orig
John Alford	-	Xiaosi Gu	orig
Kevin B. Smith	-	Xiaosi Gu	orig
Gideon Yaffe	-	Xiaosi Gu	orig
Anastasia Shuster	-	Xiaosi Gu	orig
Jie Sui	-	Xiaosi Gu	orig
Joanna Wang	-	Xiaosi Gu	orig
Silvia Bernardi	-	Xiaosi Gu	orig
Ofer Perl	-	Xiaosi Gu	orig
Miao Cao	-	Xiaosi Gu	orig
Michael Siller	-	Xiaosi Gu	orig
Ashley de Marchena	-	Xiaosi Gu	orig
Carla Sharp	-	Xiaosi Gu	orig
Dimitri Ognibene	-	Xiaosi Gu	orig
Soojung Na	-	Xiaosi Gu	orig
Francesca Mapua Filbey	-	Xiaosi Gu	orig
Qiong Wu	-	Xiaosi Gu	orig
Hong Gu	-	Xiaosi Gu	orig
Bryon Adinoff	-	Xiaosi Gu	orig
Muhammad A Spocter	-	Xiaosi Gu	orig
Bob Jacobs	-	Xiaosi Gu	orig
Melissa-Ann Mackie, PhD	-	Xiaosi Gu	orig
Alfredo Spagna, Ph. D.	-	Xiaosi Gu	orig
Nicholas DeFelice	-	Xiaosi Gu	orig
Benjamin Glicksberg	-	Xiaosi Gu	orig
M. Andrea Pisauro	-	Xiaosi Gu	orig
Benjamin Kottler	-	Xiaosi Gu	orig
Frank Hirth	-	Xiaosi Gu	orig
Francesco Rigoli	-	Xiaosi Gu	orig
Peter Smittenaar	-	Xiaosi Gu	orig
Carrie McAdams	-	Xiaosi Gu	orig
Laura A. Berner	-	Xiaosi Gu	orig
Mark A. Orloff	-	Xiaosi Gu	orig
Gaurav Pandey	-	Xiaosi Gu	orig
Matthew Schafer	-	Xiaosi Gu	orig
Kent E Hutchison	-	Xiaosi Gu	orig
Vince D. Calhoun	-	Xiaosi Gu	orig
Rick A Adams	-	Xiaosi Gu	orig
Deborah Talmi	-	Marcelo G Mattar	orig
Dr Lucía Magis Weinberg	-	Marcelo G Mattar	orig
Arian Ashourvan	-	Marcelo G Mattar	orig
David Bryce Yaden	-	Marcelo G Mattar	orig
Derek Egan Anderson	-	Marcelo G Mattar	orig
MA Bertolero	-	Marcelo G Mattar	orig
Brad Wyble	-	Marcelo G Mattar	orig
David Kirsh	-	Marcelo G Mattar	orig
Bratislav Misic	-	Richard Betzel	orig
Joaquín Goñi	-	Richard Betzel	orig
Martijn van den Heuvel	-	Richard Betzel	orig
Alessandra Griffa	-	Richard Betzel	orig
Andrea Avena-Koenigsberger	-	Richard Betzel	orig
Joshua Faskowitz	-	Richard Betzel	orig
Farnaz Zamani Esfahlani	-	Richard Betzel	orig
Makoto Fukushima	-	Richard Betzel	orig
Daniel P Kennedy	-	Richard Betzel	orig
James M Shine	-	Richard Betzel	orig
Adeel Razi	-	Richard Betzel	orig
Azadeh Nematzadeh	-	Richard Betzel	orig
Daniel R. Schonhaut	-	Richard Betzel	orig
Nico Dosenbach	-	Richard Betzel	orig
Caterina Gratton	-	Richard Betzel	orig
Brian F O'Donnell	-	Richard Betzel	orig
Jeffrey Rumschlag	-	Richard Betzel	orig
Boris Bernhardt	-	Richard Betzel	orig
Claus C. Hilgetag	-	Richard Betzel	orig
Alexandros Goulas	-	Richard Betzel	orig
Nykan Mirchi	-	Richard Betzel	orig
Jacob C. Tanner	-	Richard Betzel	orig
Maria Neimark Geffen	-	Richard Betzel	orig
Katherine C Wood	-	Richard Betzel	orig
Maria Pope	-	Richard Betzel	orig
Dr G. Murray	uk	Philip Corlett	orig
Anthony Absalom	nl	Philip Corlett	orig
P.B. Jones	-	Philip Corlett	orig
